sample,cache,phase,elapsedMs,mainThreadTaskCpuS,mainThreadScriptCpuS,observedStableProcessCpuS,rafCount,rafGapP50Ms,rafGapP95Ms,rafGapMaxMs,longTaskCount,longTaskTotalMs,sampledPeakPageHeapBytes,heapSampleCount,endPageHeapBytes,serverRequests,serverPayloadBytes,serverPeakConcurrency
p1-cold,cold,startup,3030.5,0.577732,0.171516,6.2700000000000005,20,83.29999999999995,533.4,616.5999999999999,8,1910,32555684,22,27936072,129,4150029,6
p1-cold,cold,first-pan,1253.6000000000058,0.14082399999999995,0.04325499999999999,2.6399999999999997,7,216.5999999999999,499.90000000000055,499.90000000000055,0,0,24382784,13,21519292,16,193,1
p1-cold,cold,reset,674.5,0.10154799999999997,0.020787,1.5999999999999992,5,200,283.40000000000055,283.40000000000055,1,72,29415940,8,17298736,0,0,0
p1-cold,cold,cached-pan,818,0.08027200000000001,0.014494000000000007,1.8699999999999999,4,233.40000000000055,283.2999999999993,283.2999999999993,0,0,25607268,10,25611672,0,0,0
p1-warm,warm,startup,3261.4000000000087,0.651948,0.188969,6.789999999999998,29,66.70000000000005,383.2999999999997,399.9,4,634,32978304,32,16215176,1,44519,1
p1-warm,warm,first-pan,1077.5999999999913,0.09782400000000002,0.0345,2.350000000000002,7,199.9000000000001,416.6999999999998,416.6999999999998,0,0,27228540,12,17038380,0,0,0
p1-warm,warm,reset,527.0,0.07754299999999992,0.013390000000000013,1.330000000000001,3,300,400,400,0,0,27743536,7,27753196,0,0,0
p1-warm,warm,cached-pan,978.3000000000029,0.1060040000000001,0.018461000000000033,2.2399999999999998,5,183.19999999999982,450.10000000000036,450.10000000000036,0,0,32129516,11,21650596,0,0,0
p2-cold,cold,startup,3244.300000000003,0.612343,0.17549,6.719999999999999,20,100,516.6999999999999,683.2999999999997,10,2159,30769844,24,30689576,129,4150029,6
p2-cold,cold,first-pan,921.9000000000087,0.130467,0.032927999999999985,2.0100000000000002,7,183.30000000000018,266.5999999999999,266.5999999999999,0,0,30694048,10,21987544,16,193,1
p2-cold,cold,reset,719.8000000000029,0.09045400000000003,0.016327000000000008,1.9700000000000006,4,216.60000000000036,483.39999999999964,483.39999999999964,0,0,29539920,9,17275772,0,0,0
p2-cold,cold,cached-pan,997.2000000000116,0.07872400000000002,0.016672999999999993,2.1899999999999995,5,216.59999999999945,400,400,0,0,22757428,11,26069476,0,0,0
p2-warm,warm,startup,3109,0.607754,0.181907,6.549999999999999,32,33.39999999999998,400,683.4000000000001,8,1631,32928056,28,30508096,1,44519,1
p2-warm,warm,first-pan,920.8000000000029,0.12007600000000007,0.034696000000000005,2.029999999999999,7,166.70000000000027,266.5999999999999,266.5999999999999,1,53,27447796,10,21622768,0,0,0
p2-warm,warm,reset,871.8000000000029,0.10138800000000003,0.022562,2.5199999999999996,5,216.69999999999982,499.90000000000055,499.90000000000055,1,82,30529860,10,17254480,0,0,0
p2-warm,warm,cached-pan,604.0,0.07870900000000003,0.01538299999999998,1.6699999999999986,4,200,233.39999999999964,233.39999999999964,2,123,22126720,7,25449984,0,0,0
p3-cold,cold,startup,3209.800000000003,0.5791499999999999,0.170542,6.629999999999999,23,83.30000000000018,533.3,683.3000000000002,9,2114,29498928,22,29500872,129,4150029,6
p3-cold,cold,first-pan,1207.6000000000058,0.122834,0.033040000000000014,2.5900000000000007,7,166.69999999999982,483.3000000000002,483.3000000000002,0,0,29505280,13,21233956,16,193,1
p3-cold,cold,reset,475.3000000000029,0.09054300000000004,0.015343999999999997,1.2900000000000003,3,166.70000000000073,200,200,1,59,31020296,7,16610688,0,0,0
p3-cold,cold,cached-pan,1116.800000000003,0.08352199999999999,0.017607999999999985,2.620000000000001,5,216.80000000000018,466.59999999999945,466.59999999999945,1,51,22142376,13,24945068,0,0,0
p3-warm,warm,startup,2899.699999999997,0.614013,0.186382,6.1899999999999995,29,66.70000000000005,283.5,366.49999999999994,9,992,32690496,30,24484120,1,44519,1
p3-warm,warm,first-pan,1411.300000000003,0.11003700000000005,0.035779000000000005,3.04,8,183.30000000000018,466.5999999999999,466.5999999999999,2,149,30430824,15,27760204,0,0,0
p3-warm,warm,reset,604.6999999999971,0.102989,0.015815999999999997,1.73,5,200,233.19999999999982,233.19999999999982,0,0,27764624,8,24489732,0,0,0
p3-warm,warm,cached-pan,810.5,0.09059600000000001,0.013927000000000023,1.9300000000000006,4,216.69999999999982,283.3000000000002,283.3000000000002,0,0,29490688,9,32833484,0,0,0
